job_key,title,company,location,salary,published_at,url
f5ed87fc0fef5f38,Recrutement Alternant(e) BTS Gestion de la PME (GPME) – Rentrée 2026,Bussone Frères,83400 Hyères,,2026-02-11T06:00:00+00:00,https://fr.indeed.com/viewjob?jk=f5ed87fc0fef5f38
f3b6346987a4402b,Alternance Commerce,Idrac Business School,Lille (59),De 600 € à 1 400 € par mois,2026-02-11T06:00:00+00:00,https://fr.indeed.com/viewjob?jk=f3b6346987a4402b
870f70fbd1b9f11d,Conseiller commercial en alternance H/F,Csform 94,Créteil (94),De 774 € à 1 600 € par mois,2026-02-11T06:00:00+00:00,https://fr.indeed.com/viewjob?jk=870f70fbd1b9f11d
6eae74766e8820e6,Réceptionniste - TP Réceptionniste - Alternance - H/F,CFA Skill And You,75002 Paris,"De 492,22 € à 1 823,03 € par mois",2026-02-11T06:00:00+00:00,https://fr.indeed.com/viewjob?jk=6eae74766e8820e6
c29e03e7e973c95c,Apprenti(e) Attaché(e) commercial(e) – Hôtellerie (H/F),ECOTEC Ecole Internationale Tunon,67000 Strasbourg,"À partir de 1 112,05 € par mois",2026-02-11T06:00:00+00:00,https://fr.indeed.com/viewjob?jk=c29e03e7e973c95c
07758e44810facc8,Adjoint manager H/F BACHELOR RDC - en alternance,Groupe Alternance Nantes,La Séguinière (49),"De 783,90 € à 1 823,03 € par mois",2026-02-11T06:00:00+00:00,https://fr.indeed.com/viewjob?jk=07758e44810facc8
46512c1044d0fe9d,Alternance - Assistant Marketing Communication & Gestion H/F,E2SE Business School,Le Havre (76),"Jusqu’à 1 823,03 € par mois",2026-02-11T06:00:00+00:00,https://fr.indeed.com/viewjob?jk=46512c1044d0fe9d
933b6e0d1991efb6,Assistant de gestion administrative et opérationnelle H/F - BTS GPME en alternance,Groupe Alternance Nantes,Nantes (44),"De 783,90 € à 1 823,03 € par mois",2026-02-11T06:00:00+00:00,https://fr.indeed.com/viewjob?jk=933b6e0d1991efb6
3d6eba98a70059ac,Commercial(e) - BTS NDRC ou TP négociateur - Alternance - H/F,CFA Skill And You,92190 Meudon,"De 492,22 € à 1 823,03 € par mois",2026-02-11T06:00:00+00:00,https://fr.indeed.com/viewjob?jk=3d6eba98a70059ac
a5d115ccf53789f1,Alternance - Bac +2 Logistique - TSMEL (H/F),Promotrans Meaux,77100 Meaux,"À partir de 12,02 € de l’heure",2026-02-11T06:00:00+00:00,https://fr.indeed.com/viewjob?jk=a5d115ccf53789f1
b4671f186fa27e80,Conseiller de vente prêt à porter en Alternance - Niveau 3 - H/F,Groupe Alternance,Beaucouzé (49),"De 486,49 € à 1 808,80 € par mois",2026-02-11T06:00:00+00:00,https://fr.indeed.com/viewjob?jk=b4671f186fa27e80
eaeabe3040df9dbb,Employé polyvalent en Alternance Niveau 3 - H/F,Groupe Alternance,Avrillé (49),"De 486,49 € à 1 808,80 € par mois",2026-02-11T06:00:00+00:00,https://fr.indeed.com/viewjob?jk=eaeabe3040df9dbb
dd0311fc5cf4b802,CDI - Conseiller immobilier en transaction à Gex,CFA Skill And You,01170 Gex,3 000 € par mois,2026-02-11T06:00:00+00:00,https://fr.indeed.com/viewjob?jk=dd0311fc5cf4b802
cb6ff04d388bc952,Alternance - Vendeur Conseiller H/F,E2SE Business School,Le Havre (76),"Jusqu’à 1 823,03 € par mois",2026-02-11T06:00:00+00:00,https://fr.indeed.com/viewjob?jk=cb6ff04d388bc952
1aeb6983baac9c6d,CDI - Conseiller immobilier en transaction à Balma,CFA Skill And You,31130 Flourens,3 000 € par mois,2026-02-11T06:00:00+00:00,https://fr.indeed.com/viewjob?jk=1aeb6983baac9c6d
